EquivalenceRatio,InitialTemperature,Pressure,FlameTemperature
0.89963209507789,1155.6428757689246,7.587945476302646,2661.0530318041533
1.0789267873576291,440.41677639819284,2.403950683025824,2315.461546769943
0.6464668897345596,1079.5585311974417,6.41003510568888,2341.415946539053
1.1664580622368363,318.5260448662222,9.72918866945795,2183.4437960973037
1.2659541126403373,491.10519961044855,2.636424704863906,2218.008634885555
0.746723607882747,573.8180186635839,5.72280788469014,2113.2752084116537
0.9455560149136926,562.1062261782376,6.506676052501415,2364.225784000912
0.7115950885216334,562.9301836816963,4.297256589643226,2050.2131009790787
0.9648559873736287,1006.6583652537122,2.7970640394252375,2580.251847929428
1.0113875507308892,833.1731119758382,1.4180537144799796,2489.124978243599
1.0860358815211506,453.47171131856237,1.5854643368675156,2312.360820649605
1.3591084298026666,1169.0688297671036,8.275576133048151,2654.399091292411
0.8436910153386965,387.90490260574546,7.158097238609412,2129.1072040799754
0.952121994991681,409.8344113603009,5.456592191001432,2280.2108925264934
0.6275108168921747,1118.3883618709037,3.3290198344001523,2335.7452745689025
1.1300178274831856,580.5399684804698,5.680612190600297,2385.2815566954005
1.0373682234746235,466.36900997297437,9.726261649881026,2367.4716829599047
1.2201062586888916,1145.54904740777,9.053446153848839,2709.693375041391
1.0783199830488681,1129.6868115208051,1.7964325184672756,2642.9862697496064
0.7567862899353162,340.70456001948423,3.927972976869379,1961.9670223070216
0.9109418317515856,544.2141285965063,8.458637582367365,2321.418118491861
0.8854026613548713,552.8410587186427,5.884264748424236,2291.395916458893
0.7127393799798101,1021.9772826786357,1.6709557931179373,2364.8784907409085
1.3895095492804137,995.0202923669917,2.7884411338075514,2491.005352604938
0.6044176936988819,1033.9152856093506,7.361716094628554,2246.158453824371
1.1832057344327898,994.1433120173511,1.6664018656068134,2571.9740734165653
0.886772582835418,404.2821535726167,8.767930832880342,2202.0955055283994
1.0986385014620463,597.8082223673842,1.5720251525742128,2386.089090444495
0.8487858573725298,592.6649898240723,7.566455605042576,2273.5166831965016
1.1100459770841704,1098.491468318694,5.249934326457543,2685.1784265660926
0.6956753967506413,941.9203085006955,7.847065437552077,2310.3294144064544
1.049021758055597,993.8704619591049,5.444160367279517,2631.778742568401
1.0181862635055952,684.7869165226946,1.2287721406968566,2418.697959073791
0.6863131415946435,328.28626711806083,6.727693701374023,1837.9553890046204
0.8514847848610613,757.7136220482325,9.168098265334837,2387.7684143543806
0.7994337833190999,669.3446307320668,7.799960246887438,2259.2131669314576
0.7830385323932979,369.2819188459137,3.6077630762239123,2022.859823945583
0.7289770298032034,1136.7278871083158,8.273083416079754,2492.6882534758092
1.1067230052083388,1084.314531168946,8.23304869209203,2698.418551430811
0.7492560471088286,1103.30309864098,5.854080177240856,2486.369561225764
1.2459521241312501,1106.4821699311437,3.8620312747467747,2646.304087916159
0.6880415396221413,505.1416462877475,4.843970097636307,1970.3786673198897
1.2544118127379944,1074.657524930709,1.0625691747807164,2574.475340288539
1.0085978420620525,675.6699028339011,2.9989702942365724,2442.715696751789
0.6958922938669462,603.8536542632652,9.486187335212673,2057.8206492983036
0.8585623456166042,766.9115595690295,7.3271706300566,2398.0975374778855
0.8909036819034352,1174.6038744488646,9.662025654479,2675.1947183615994
0.8014258366602913,747.5236553031468,3.707904788350927,2306.459273439883
0.827872395501974,333.19825261907954,6.486079005819072,2068.2040964839357
1.0021432185830892,346.3308761249904,3.507818178129503,2276.673086633949
1.3266127087733228,515.6057016002752,2.304053848821008,2187.7968951322855
0.9915622082220503,1187.0854086995405,3.178497443603504,2679.490180860945
1.1377084379247027,985.4576537958458,3.1387378959315972,2602.893073974094
1.1825730788894875,631.0048194473279,6.690752475342215,2384.6206194775286
1.1068237686087157,782.1972156672826,1.8126079304896747,2483.78188781572
1.2682419964713902,588.7020584745623,2.678666593598688,2284.5120367543846
0.6326201132438111,831.8036488694177,7.098079256580542,2131.0845937158406
0.6132702631422849,760.8837524693529,3.0384619767814414,2041.9639986552465
1.1161382323275597,456.92978610449234,7.218439642922194,2316.3094870994128
0.9093882770404299,1143.056989863061,2.2376884973139393,2605.1117049050517
0.8728530808402067,402.12616911653015,9.322242564507064,2181.78619905709
1.3018714827047848,532.14746494364,6.939856414307611,2222.3840296157596
1.2537777601609728,799.6807304395161,5.766855205204059,2451.010767067604
0.7934818327203613,383.7924910253093,9.074941821579941,2051.6153112559887
1.3203344457306643,869.7913115459412,4.051268119438307,2451.620286457784
0.8793676596901286,953.3601109832155,9.073992339573193,2538.521463316009
1.3096691394120938,1001.8879912718614,6.77828481538859,2561.0292912476316
0.667311971996039,445.4658426851524,9.086987696743714,1892.5687017664632
1.085143247727672,308.2773464549667,1.913243885794289,2231.620083198446
1.1308014152864447,304.5554254615968,2.4472724627574878,2198.4628312279874
1.0389870314932688,922.7056779234239,6.867651335523405,2604.2819124910416
0.7794154475684478,940.9612992127823,3.135241787471201,2402.264302918826
0.8603197585274142,971.8422646062218,6.846696091424932,2523.6775545731025
1.2793787283953422,891.851603070309,6.114777430019244,2500.2042486737328
0.674939814262474,630.9442227534902,3.386821309135529,2041.9950038544694
0.7951917147032668,1175.709499277201,4.537879522000844,2569.545029245238
1.3136372441416906,868.0247633975366,8.153301731874835,2463.045959685558
1.0021096744841536,819.2134961637232,5.432659244369775,2532.5025304574183
0.7561943902384356,950.2069037353548,3.526951261967702,2383.9270680993927
0.619452773145163,880.9250663164511,2.5939961146634403,2143.8980069055337
1.3523668674823313,1158.5357193023287,9.233779511984036,2653.303625958134
0.8961269602043554,313.9109548759807,9.354867063289529,2156.627033166393
0.9425473186538513,1169.9893371393027,9.672579793803276,2705.702329794768
1.282407564373888,565.0040028626272,4.465879557417328,2259.6844587946052
1.2809093372134854,585.22980464065,2.5254347201748324,2272.183404440632
1.04544100996668,1142.5392967447028,7.264268170074757,2717.1614785777015
1.056048936071492,387.45884439369166,6.535065040292528,2309.3686944062392
1.3920430800834105,426.07561371287164,5.664966871273631,2075.6829726958354
1.3018984575423642,966.691755978784,7.273141668957412,2541.919068646871
1.1619872671896874,623.5420360977796,3.64232659838044,2386.847576996951
1.247488924382811,1029.1020552112627,8.803650867220934,2621.5171651923392
1.330592442045177,760.2081589748441,5.513646652184796,2367.1281961015065
1.23863614317342,884.9675376999886,7.31770189531933,2524.265278608648
1.2366341355488808,1101.0048076358098,4.041956411663822,2648.2746565104057
0.9004663621119552,384.5837458567821,6.204521268965566,2205.0728828267324
0.6287538190373937,719.0382163192141,5.883801712368189,2036.3608997839247
0.8292330017026275,831.7499345121097,1.2745022494514449,2367.1502351141044
0.6298785509993715,1040.3405045936925,4.241715772701366,2284.295107640906
0.7016484101215078,770.0189340493239,7.9299419778874976,2190.8055297358496
0.7726568219974745,860.6014282371002,1.768127184943912,2332.350447755177
0.6413453769348861,778.2191684113332,5.865716094490959,2102.5373928177064
1.1099439211985653,953.4822003503954,9.782668715162812,2633.3342037973125
1.0130402786409562,590.6608256471213,8.156675752918332,2429.751613140688
0.8166658010096594,695.0742786350725,1.7061074320803935,2279.486790693257
0.620280594732366,1166.3835732101325,8.523821084609853,2372.8894539765965
1.1567793648749585,668.0576499728429,2.559648880637612,2412.2473837117664
0.7251496341368688,525.2186083481358,5.943039982355084,2044.9029542482965
1.1716767381600497,894.1776390459581,3.5194050725134858,2548.0495033151615
1.3638922245305551,964.1072250261917,5.989186472602606,2496.7806707234404
1.0893765969874818,677.640056185011,3.229578905510417,2450.534395033015
0.8847781429210092,982.0614994179322,1.1295413976678028,2484.4448296450873
0.692858112405533,341.40237781957745,1.3665592208707311,1856.9382245292375
1.2843684672088056,933.2920734420213,5.267564461785927,2523.8300614941804
0.6782673285208012,742.4542876051491,5.261245937025091,2132.5155152410625
0.7385614959280121,690.4664843141757,4.586542609576361,2183.853764698141
1.0926800784417732,871.5842857808794,1.4077360879484007,2517.8690545388195
0.899690091701177,863.2739241428127,5.528226327220789,2490.2304177913275
1.2851918729506577,892.8242684570505,2.466409843732867,2481.46419376017
0.6564549979203439,878.177350385684,1.2386017948745964,2190.602346930361
1.0686204650187705,1146.207217282462,6.179267600882911,2714.5016458489745
0.9105359409652175,878.9593965981179,5.12427601442365,2505.628092057131
1.0364934314527479,1147.3183278988727,4.474923740206968,2692.7555188254637
1.3689524510591313,1114.8155777604575,2.762120213103668,2584.1479371977716
0.6554890407001324,390.700201239684,1.1639964308639477,1830.0908868932827
0.6755543686047427,914.7060960747211,1.6406978361420608,2245.9666498667725
0.855180504235009,1060.387779872509,1.209447421622433,2505.2223732734838
1.2515747860711486,553.66929729606,2.0634834485949063,2270.902522984315
1.1573897322913205,866.0485621018956,8.897248121743477,2561.5215751503665
1.1880568350431084,1023.1328373463638,3.538311153141758,2615.735317080961
0.7419516350237783,975.5532764767725,8.261512653405376,2397.6562778533266
1.3924041136005385,671.3559092202838,4.348162772135049,2253.793201274273
1.2211303685935975,606.723186227716,9.376815930432082,2340.802293581353
1.2867302014744093,686.0946246375165,7.757839610123476,2347.0772384840393
1.2036342992677458,392.81148195233936,9.1229761601161,2203.5860283142774
1.0042018979582856,1043.8117194969675,3.880446409275506,2628.6209214176874
1.3164185827969603,650.2815108607467,1.0975388633226852,2284.9733397560644
1.3243055811354107,382.15800910752023,3.873822738313734,2097.110368451748
1.360049573640644,1155.5464322438006,6.160940993109575,2637.331629715675
1.1054697697358393,703.6009697804877,3.638896945282581,2463.576334401678
0.8629316362959327,905.2666104693345,7.77137076493912,2489.801104334263
1.233263234980679,1010.6563285150985,1.8208549274382133,2569.251141766257
0.9955362437620652,351.80288401497984,5.94575994091362,2286.0668150215547
0.9532244010987015,1098.9337644824698,4.158235112968708,2636.7874354264122
0.6936536131420846,428.6925138475523,7.85359568545725,1923.912930015937
1.0945744506530088,391.01040851051124,1.756961255034977,2274.3254502839477
1.160775305167296,365.48670572777417,8.396740533613206,2219.948073580245
1.164993781725197,373.2139025777098,1.7635394267667273,2214.807146347383
1.3893116628009403,636.8437161805083,4.335779323602019,2230.395390493571
1.2502396538060019,1152.5237196454727,9.874009574405838,2704.309252148463
1.2027025482071534,638.6336269778242,1.7515064502880189,2360.1770228242754
1.2217175327419494,802.5638247622246,4.817998083222786,2471.5868665237185
1.3250835080757888,400.0777340755362,5.433625938617732,2109.541348758553
0.6090829158139353,721.7945777947136,1.5067294811365362,2002.7868125737184
0.6950543330144575,405.7736220993944,6.842892719044572,1909.265513991398
1.1968359034123386,825.0318885874436,9.659552936270877,2513.479391268927
0.8998964636189632,557.1408776536746,8.817392153705143,2316.9460110460695
0.7788766708155621,1166.9002854965502,1.109390272208347,2498.79372051945
1.3759030613661112,338.8439207555185,9.02028802328264,2027.2838393970892
1.0221608872690398,1193.6683165073703,1.6641690826185898,2654.9691084309693
1.0430834275210565,1172.372282057189,5.707880597531339,2718.561358332271
1.10351891050821,926.1738200861555,5.090869582909959,2595.988655863736
1.1020464640672507,825.8828807307902,9.110422094418901,2559.404208721703
0.6363571042731663,552.8668706330072,9.553703356689029,1921.528996901316
1.312211027112733,710.0910775071416,6.581193380213831,2344.65880661928
0.8219049463849061,469.30904375138516,5.173285644459839,2150.847867223931
0.8826817824208422,825.2905006657849,1.6996117326848634,2419.4620401799893
1.379515846132933,1187.5896700316425,7.2834554261777065,2652.9056703507686
1.0288770930752962,578.5748546576949,8.324155177362538,2427.106812260285
1.1477849380431033,446.3552454104022,9.198344660444583,2286.2354541325312
1.258029794338535,1154.8199219627318,7.531475575495239,2693.6595727982676
1.0907321567486319,676.418732661557,9.39455635018612,2474.671876003061
1.2928511116003265,340.6968030955705,1.2373027704752682,2091.002366547642
0.9011706935024396,1029.4979977036496,9.8854851638345,2603.7196907328807
0.7203335128828225,834.7176438169216,4.428017709679194,2261.2399705903313
1.3759315182516825,1057.9070308221378,8.54495834240024,2563.9803138322677
0.9749545278359761,673.3375521038986,3.4606636473763563,2430.2744170470414
0.6451003973207416,1078.250138629548,8.316109082170698,2341.282000609076
1.3997741386289044,1196.973153366515,5.998885350423647,2643.445975061287
1.2151899321444084,1150.2891568941852,8.646826516096702,2712.7555421374805
0.7978784813945581,705.4897217790842,2.162434736363455,2267.0609836572685
1.3632408218069778,845.557171005792,3.0577852495311646,2401.660649610031
1.1373605475246853,856.3154164121063,4.223464462295564,2543.9333189518125
0.6908460737597032,904.4158760335197,5.68276930813414,2272.79109488306
1.2178547133885114,768.1471510007941,8.669633502866862,2458.1903467134393
1.0415254710195883,804.8441743818477,8.889882423925105,2552.72989739578
0.9227862929699175,420.6137056055767,1.2590440868200508,2231.358740708961
1.2041098045388952,858.2785962181182,7.336717912893012,2527.1250212370624
0.7703713292071286,422.7343280280928,1.1309019910109375,2035.8806913053838
0.8804700470452775,830.9259181691698,4.530196405897591,2448.931335047185
0.9499799376189833,1113.7428250443736,4.134299203209704,2641.999350747794
1.0111915913278486,1005.2877114670288,4.568885040891431,2620.273464702986
1.0976693601822987,1076.1273378720707,9.54568561291878,2700.966325846982
0.7176587847432303,1133.928862645345,5.429046637715844,2468.6432736546367
0.8065955106391667,713.2221806144352,9.820293177569294,2301.506586180427
0.9940944751942956,595.8764492587575,6.700607688850532,2419.4554976457725
0.7921164950225544,368.2769952977975,2.159917497195843,2034.2367974514193
0.7024366711662179,436.7124241610649,2.2494445538446914,1942.261226123982
1.1126997958425715,463.69207595923035,4.111005549914768,2318.0020815732205
1.3174307279248094,726.5654762365851,7.008019646689244,2353.3731278304012
0.7378558969613038,473.06011692780373,1.3678175463983098,2022.4697831645365
0.7351480504577316,550.7313051287628,2.5930943584907213,2075.8513526980355
0.6709620270056444,408.5722839905407,5.147008912294532,1870.8411249234805
0.7650669747246339,627.8428749432679,5.530755437693712,2178.9246595106188
1.1523158629034922,335.38092585698905,8.194693590181384,2206.35316326683
1.102320311592726,373.58312875398474,8.862207616960994,2272.938451946716
1.3366979204254505,354.97016386937736,3.4918988333248335,2068.3007911882983
1.244961023834449,973.4337213452925,2.6606891742073957,2555.5629376301977
0.7674794586693682,633.4248925122438,5.360706866719192,2186.1688293455068
1.0946038172242367,632.0222756127952,5.162812445198331,2434.352412722389
1.1979767505070051,333.0148826015381,3.2719324990961867,2164.5239843727145
1.170679668707642,1105.6861539184792,5.6050969790409955,2683.7292041518576
1.0256907882122523,396.4548102057985,5.026711301411092,2316.7379449727064
1.0260938131640185,518.2234532712566,3.4231890785444286,2372.4920133452206
0.9018273304836981,318.0640779999537,3.8987124902486046,2161.0717388720336
0.7691584055972357,594.7476169601232,2.077859186373261,2154.9649879136455
1.312421824591916,834.2332081986438,7.111920872300407,2437.3961585065076
1.2313369908858705,748.5979790361516,1.7822825927868133,2413.187154291867
1.029685233454838,828.1570062187913,7.70895526765897,2558.1484260496904
0.9453276369837434,414.8222725160074,3.55398315218852,2269.196961488768
0.890465837118908,881.325517198441,6.137004742020207,2495.4271560088496
0.8848773807182769,1187.8637239136817,6.451973374211985,2660.946711885505
0.7897814333887956,391.60422535836335,2.375732252658988,2047.0174058972682
0.7967661827076065,444.6132359336001,2.679103216461752,2094.0334415891257
0.8280761349550776,456.03623576527934,9.070888821637826,2153.7316908450807
0.6641869965293137,772.0602506132292,4.693571442906954,2132.6862719523265
1.3859028935268851,400.8350119512471,4.580700391411675,2062.339845513257
1.375576346620295,1078.9564133045824,8.353648638543518,2579.5218647480037
0.8063222616359518,453.79882865105924,7.017788979319879,2118.9744554766844
1.3435007913020685,801.0866037125368,6.144514205229099,2389.0907554825767
0.8239832749282273,992.5436398727433,2.6833937370177106,2474.1870869961294
0.8589433891233949,682.8927947547751,5.568493408160095,2340.780110693985
0.7939277859320641,403.35314226528317,6.495580381974693,2065.009197943102
0.8309044425922045,823.114399280351,2.389264437467821,2379.467853342787
0.9849120814838539,779.3304892964272,1.4664118314018422,2456.4487649365938
0.8692834225551365,420.9732092450768,1.5703747342549097,2173.8000663057824
1.3919681859119561,590.1184604772507,8.288870012691714,2195.44453160088
0.803712523811011,913.3524500015363,7.842050739007179,2430.5469761190643
1.0765109924862752,724.4185696951425,4.706568227325417,2489.0252351023155
0.8790946132343962,1136.5762298230434,8.475574670089562,2640.4966117237113
1.37202152853321,411.86750113699026,7.577807276832798,2081.4373065607774
1.3506723654568302,463.1097595490941,1.5984664063009975,2131.1843563657435
1.1928965194320473,817.0258018619207,8.576458990824449,2508.610601265651
0.7118179013010315,1015.7405806739011,2.8146458804297008,2369.964700778969
0.7309247542925635,447.8392181378937,8.33117248208244,1998.613168722211
1.13215777655696,770.7588822922073,4.229474357111522,2496.448357667089
1.3017604326504866,653.2005966803719,8.349394955244193,2311.639872460366
0.9513079268561746,639.2499864824168,5.164118071026458,2407.1187454297565
0.8411022993313136,972.848442158626,5.5244835108323125,2499.9418597085905
0.7857701561174538,1109.6171159471116,4.455020992358903,2521.4537376922176
1.0348422888911908,1115.8248998680924,6.618141963225929,2697.3691117790468
0.6935184325666912,1145.8489112521277,6.6493724776427605,2451.713424175739
0.8679244917256689,425.3448653970485,8.146226703432664,2189.3787237827996
1.0960582047428107,780.1149827786894,9.045033247458619,2534.0655874180675
1.2308777689796244,436.50739175947604,3.805498610159934,2209.2380441139517
0.7987913118515726,969.5516633154093,1.3017919126220145,2416.1603738875897
1.0559117478970532,986.2128171666214,8.890890730855745,2649.797852870954
0.8736653989727259,1039.1315742048116,1.995685632596865,2528.1377561858067
1.2771618333876145,414.73979609878415,4.575585615043305,2157.6081373191164
1.2378362926236428,434.9256846138964,3.0632625570937733,2201.813296162527
1.177802054714453,948.0328828914669,6.770328695967676,2596.709655887293
1.15515875557368,788.4519990128365,3.266191530162575,2490.796100888063
0.8765567948031355,463.43794512128306,9.176055052002654,2227.177362147564
1.0667134358128962,660.766275087276,5.1580522327971945,2458.3975845943924
1.3578266716894523,438.01626280447215,6.276068488151175,2110.823068176356
1.0047109431075727,850.308811891183,1.1629916543875645,2485.9724010158607
1.297699127155321,1138.9064542352512,6.086198652302881,2658.510101935194
1.1573206591015137,1130.2494430595661,7.3651477088205874,2711.375466989561
0.722031234331409,818.6595241501318,6.460435417445703,2255.343229044339
0.9393045370419087,962.7998120622506,9.409303132921133,2593.198853026023
1.340454810325421,705.7554342637188,2.019142412566797,2312.423016232377
1.3878729591698675,1055.0082778013407,2.1219641308294017,2527.6171459969337
1.3366735060938977,1082.9067258559153,5.669542514134649,2598.303387848838
1.0730203485959433,659.1024334831172,1.492854749398282,2420.097236650035
0.8681577933167207,1022.5681037382103,1.0416882070414257,2489.483594245805
0.8667993373529153,658.3518242318489,5.836560426441306,2335.2959413306467
1.3358844931302083,611.711394929365,4.122578817066049,2252.0543336062524
1.1900009984877986,706.9961468008264,3.021443406459838,2420.507869552204
0.9619516129061547,426.7713183418199,2.58748287855601,2285.3154077558493
0.9986942181915837,677.0329045540932,9.2336131096129,2473.882882377907
0.8899151192933065,822.5295152502391,6.690378591275773,2463.0163132556004
0.6104755652706669,897.1836348150396,2.6023237018277627,2142.6205349233373
1.368856253975564,433.79645497780166,4.731617113543214,2098.849692390572
0.668279734462915,1197.1868266613526,5.519755092981184,2452.4281047974273
1.076308013856035,360.3688296495847,7.7496442335926,2282.5457282911184
0.7679244744764686,1108.2488604966425,2.8462567643380643,2489.8797709979854
0.7525501765309333,332.89470106328537,5.248602505989993,1950.1790719942207
1.0518729066100931,359.1377754855171,7.9797485502550956,2296.632365273882
0.962631067798422,771.951242394822,4.966864722444053,2484.996180603049
0.9206104487002608,803.6762981773961,2.3971622133764123,2448.7166162366975
0.7455425043962168,1075.6070589121655,9.515039159202695,2473.7847040889787
0.8986474530238023,543.6702058291984,6.795995889151142,2303.5465738256685
0.9269873368784771,322.8477200943104,2.4053733762957132,2190.5125465703786
1.172777783077918,893.0315477191363,1.2438639325313514,2511.741168155329
0.7775777295463595,507.96731692926426,7.047034692388555,2113.8231217224898
0.6157684302034913,393.69772378611646,8.199244768358703,1765.1356758095717
0.7428357296434669,887.4714970666872,3.1436450294205387,2323.8414222968386
0.6795531142074761,518.8549718995087,7.500402386700932,1967.404020899854
1.2845571744850286,1047.1978781102925,4.5746517665660935,2597.6090409289127
1.1344681092565168,484.48586587423887,3.6383295723491194,2315.2753676516686
1.3170686548168957,311.7017311596624,1.7695767776902127,2052.9455684385102
0.7663090041168218,323.87898348643773,2.632918915808176,1964.4141298710924
1.0664332487757537,679.2820955332481,9.034045399692774,2483.0205090594513
1.2539548493907526,607.6356165280883,3.3348109008816325,2309.9882254023755
0.9037539265338135,831.265448263327,3.4125727674058863,2461.4848807914136
1.0993191262793072,668.4704869721163,5.968424627667822,2457.081287348486
0.9489012233082532,565.0191835877258,9.53607976265941,2376.564152483196
1.2108846353278087,426.1018581898073,8.816211783081215,2220.7404702865274
0.9899449585996108,1105.0970042046824,8.198697303525837,2688.204515999208
0.9401708035753866,320.2223774881057,3.4180962344645147,2208.635076427532
1.0333073717286934,870.1303978435326,3.3209891688988207,2547.729674243483
0.7114848592582592,1051.437213119369,9.85961962633197,2414.4551917100666
1.0205521458421485,454.51135726347314,3.4507659386743206,2338.7848356589598
0.6147125412379734,1122.868925904449,2.05975974601127,2315.0210082594353
1.0612131804114027,546.6496986184854,5.9876020226421405,2399.2021674125454
1.1211363106814913,1046.7676233364814,2.8577914458454288,2630.9531870370847
0.6087966629267844,423.19706706192653,9.100167776632945,1775.2674877070913
1.299112062050012,837.6717919532774,6.40465174390288,2448.2554757015223
1.1320293396370045,457.83415076110464,9.229707513324637,2306.514496103857
0.9350164199136584,644.8246754245476,5.670259347545538,2398.576788191908
0.637572773420044,449.6550318804715,7.642302547837334,1845.1137742298001
0.6662389343401012,842.8368985197494,3.2081419871318886,2186.8989360132878
0.9114364912335812,559.8243630936299,4.201054448184542,2320.2494062668516
1.1752367241473962,567.4095440608576,6.097641762672074,2345.4945780845255
0.9808403217592796,897.3040488263833,9.431467653922821,2583.2990656124234
1.1860576777682001,493.44634073168106,1.2806482155515622,2274.4339632525293
0.80981123543986,835.5701376302294,1.462832321358253,2353.499666905044
0.997092997760989,837.1585640252002,4.008195017352648,2528.095376173355
1.2167297629966574,395.9384278203946,1.6762400356222789,2189.378218453791
1.1825510049628827,745.9421845855786,7.195621567849624,2464.174373815654
0.9478618708829969,521.7618299151961,8.371920859067798,2347.9177645556297
1.2395327031751835,925.2268237689841,3.449306235069664,2535.3102043280273
1.0721845334952695,624.8765072460242,1.8242386599397074,2409.4995186796364
1.333850860369794,423.1367678270652,9.552136184387223,2119.623898858348
0.9568046183663645,466.61963595475765,5.877108526405223,2318.518520137631
1.2983566687011265,959.0023977686051,8.259050330753048,2540.6281965209455
1.127026693368574,923.0489080660673,8.642760864087872,2607.519759061758
0.7997344070873487,740.4824672788264,2.99088497637642,2296.6772813570215
1.3901344063973176,1149.653405717952,1.354841302316553,2573.352919504982
1.1644601380125508,1132.7234856740993,2.6251781061460018,2664.182308412171
1.0543561844421034,1123.9394678292376,1.3055138072721895,2619.374075066516
1.157936213797472,567.6141066352957,9.319565758388773,2361.7948175815404
1.3768465961322942,1149.8398402020905,5.267927949917174,2620.2446967811784
1.2896341207914506,1060.0944586815633,3.871904259189301,2598.8065439260104
1.2631323793205418,333.30687124394336,6.366428906338477,2112.9335477505297
0.7840070698301624,408.51019719955093,1.6925788146628824,2048.4222589546685
1.1570310207025116,605.8874673912595,7.522900943758853,2386.8545206857143
0.6522850726391539,583.7613040475493,5.855421631378035,1971.0168000445726
1.2325785318711708,586.877252638863,6.633022387933082,2315.858198829006
1.3087821985889496,854.2768693640741,3.096635272782704,2444.479952944486
0.6195206252452304,1083.088986510837,1.1914246976534844,2285.1604768161637
1.2997613381473594,776.0434206244909,9.451609286616065,2405.443549344996
1.2390265886189322,1198.1406994800036,4.156406339065391,2703.2565330326133
1.2137506311449013,661.737822248318,5.318880582735179,2381.260963208972
1.102004370574696,1086.3094027677048,9.856751222793656,2707.5184825810875
1.2146187310916146,675.9901039506003,4.792213020493632,2389.5135946692444
1.1900658412711131,514.8994311914721,1.994267018182552,2289.878728047369
0.8836977261126212,558.5150924886735,3.6667730841039106,2286.2266271603885
0.7868862008399279,337.8838706727257,1.1608654126007243,2003.2605313539345
1.390177911788825,684.9958203622762,4.4589398244371345,2265.7521967949133
1.1437178261544558,496.42849907855776,9.549650655552028,2323.911893091714
1.2290760115324417,380.4699020810336,4.758226982064356,2172.665712586035
1.3032946460497317,1150.2588200622693,5.2066136012488275,2658.3858945840257
1.090729111368566,450.3305514828677,9.92051763523279,2332.6428502017725
0.7853373611067547,1148.458596721613,6.846819840931316,2557.122744593433
1.0861894359030873,761.4196599148577,3.076028305459828,2494.0946870380067
0.7412224256044065,498.4375881631578,2.6779443592982908,2048.1118017037275
1.2236675788534026,615.1127332500571,1.5205840890705673,2329.251062111987
1.375282104112649,1095.4072964670831,9.349770548756917,2593.805281914034
1.395926258117148,456.50572429753856,4.566178170123929,2094.074219373711
1.206590780563273,926.418556248413,2.3850631570586955,2541.0505682478765
1.2526664999924941,501.9965146529946,3.0143585334036076,2236.5292161750262
1.0295795383147308,833.6459413575328,6.220775870540301,2553.2305470151964
0.6731894699182038,1089.7147763673424,3.3904003832983545,2375.6021877496028
0.7036119370262433,1099.8732718820795,9.60086348406778,2438.429672187449
1.2897020938123605,1028.5644672523904,6.8971778257511955,2592.0173950564104
1.0406858964873114,378.2880839202691,4.676078917636288,2304.278684234282
0.8981508136098512,533.7784053842936,7.510781023197264,2298.0972065311457
0.9967005880630166,372.94159431688314,2.981648817548302,2284.565167349903
1.1466070109276767,368.5177735412702,8.660862226438919,2233.803189073759
0.9961172216111793,732.5279195939831,6.331670061935658,2490.7460076510492
1.2597447727401194,613.0282871119737,7.102145373031572,2313.9359274774733
1.0525855711966328,540.3254431524792,8.907669877196422,2405.5616430209952
1.2379408172855424,892.606651192583,8.655235561848176,2532.7583004640383
1.293835360767842,937.5266790435313,8.533119955273047,2528.4406103642505
1.1579771693354268,912.1266945842704,6.5675024039366585,2582.1454579177916
1.202173311646113,442.7445947637664,8.927836832790355,2239.52359238735
1.2974748221961856,326.32255473110325,8.432350755082865,2080.645306860448
0.7030958939787562,601.6069688332277,7.69157430662447,2067.0420036907494
0.7286079168386466,1036.1703217071558,8.489207601619677,2423.5338890143266
1.005974187008669,305.74728454515025,3.583343198574215,2257.222053603783
1.0935415347005937,1183.067560224681,6.686321743150016,2738.4307847550685
0.8078428648513278,870.6051327896503,5.8598684174427,2402.067505292432
1.223876316120915,396.2825749442626,7.849251122518252,2189.0328586709147
1.0330132629408881,1166.6928034730952,4.076849494348175,2695.8734571851783
1.1060975145071583,1138.8252949590158,1.9225875519161133,2652.8775012462947
1.3497827897891608,919.097150070732,1.610533531946547,2452.280776248795
0.840770853557453,937.3548797807534,1.6061554132189453,2442.290321329183
1.0657363681410186,611.2947512576611,6.588239659907294,2436.948072421599
0.6365936270500102,1084.3831255371388,9.761400722596573,2335.2846090147227
1.3751022842285532,974.6866485686322,2.170776161175688,2480.8491791026563
1.2066105567432182,322.12822481292136,1.1991119637609753,2146.677957921172
0.8588881753196329,739.7788713641992,7.933666760270139,2382.594475342542
1.146636301285204,701.3124357390735,3.462639996534993,2443.799226583706
1.3976996001261688,683.5631720123756,5.062483218967079,2259.610830718751
0.7308990569533353,1015.3285938749365,7.243140032033398,2409.382098882588
0.7766156902310083,374.1429410542584,7.124493718672418,2018.0364638914846
1.123608971424908,545.9335742983884,9.557772060253694,2372.3941024641545
0.7208463134247202,689.1013209383417,9.49254328150839,2160.3407415385564
0.9357818535408977,874.673352897677,4.578349581665148,2518.2741881322804
0.819372161878936,1185.5798831638454,4.684006056835387,2597.127337785617
1.3152793629433075,506.95914530197757,2.9179423362257495,2191.250093234577
0.6249072663076091,886.5001428382966,4.316737093513851,2159.392090998697
1.2914865998717096,725.8889160224014,9.713740851232496,2374.2847704229716
0.7484204125624969,1081.7608511600497,7.989371675125676,2477.9705763835486
1.2167374757152416,1060.3049053051989,7.84921591848699,2653.84641575623
1.1009762573051323,418.1203899141488,1.2927356154212672,2282.092204026179
1.3366782782525495,854.9852830686642,8.168835618785586,2436.9287621233657
0.9852178812100401,405.577370066155,2.126672129822954,2287.226572933324
1.1484522297831772,687.2753054095165,2.8047225403030307,2430.0596973607085
0.9932756373931495,357.7880433676207,6.237742617229589,2288.812776630467
0.8151947235480781,1017.8031905734694,3.793257630312164,2490.8810233326917
0.9641761192654409,310.45848591729055,1.65202199015103,2216.535843971757
0.9139948451253478,731.9449512454112,6.400184933073733,2431.88792881226
0.8333300629674425,925.4836975138883,8.741101574702842,2474.1528060375267
1.2238807911146798,335.6569428135214,5.32456252532046,2146.3189941909395
0.6839441427345399,517.8405142762747,9.879963339404318,1974.2441228621715
0.7139964343212105,748.9993381062204,6.563401608863072,2192.576236741339
1.1619719764352832,803.6838151382227,1.087937626772653,2464.2087302000014
0.8611690465951934,765.9404790462403,1.7907984923035003,2369.6438903943335
0.8805015449673446,329.88279791222993,1.7072064743951867,2133.134791525318
0.9175386209612768,419.44417863875435,6.107867634354023,2248.3208773469973
1.1515719753098126,1020.5280291981746,2.8013521982032907,2613.6750979512562
0.7339860658072558,394.11105630096023,6.72787224589273,1964.3999284589888
1.1651805811895208,328.4275303430778,9.42591021619321,2191.2225151685425
0.6415770269211779,787.1667017709634,7.381544675058247,2110.6286510758164
1.2967752989968684,942.678238919185,8.215552747628127,2529.7164094438217
0.8715601540342448,1033.3426023718612,1.7210336174620764,2517.795562412829
1.315853324848422,792.8331385383626,8.355679929662443,2405.310987539631
0.96185462761464,879.2199256768724,5.737623948425019,2545.2671605268533
1.1852716174042655,373.4669838275306,1.5431687559150742,2198.5428411125863
0.7976825872081171,443.5902121018695,8.846052099329814,2099.7923410271273
0.7753711898864354,1178.278730237218,4.032062125939961,2548.8797330490293
0.7456943325509594,1010.7286564282313,6.928369979507885,2423.9484154643046
0.9985565731625111,799.8271958438681,7.472816004450374,2532.341067664519
0.782763793065039,1196.7005244510678,9.773138459321048,2594.657687991827
1.1202605490775495,479.5882058362306,7.122054181881622,2328.165770818267
0.6577587271833406,327.58725198522546,3.3191459966009234,1788.3511293088495
0.970098365391453,1081.4452548675424,7.544521627896772,2663.848020767654
1.1941652169599848,682.9440010032679,4.113414932922666,2406.5551873868626
0.8968310103876821,1188.884607362452,1.3609827227123423,2594.2395736975404
1.2936251968979589,820.8078677151541,4.947538772706315,2436.938693950379
1.180206128332109,738.0020472822325,8.860809142734945,2463.075202604186
1.3205614912090067,679.5488341861098,3.4914501751154643,2312.08719673134
1.0738802628746897,1121.1270110550217,2.895959701050999,2664.420152416758
1.0983732668507862,868.4041980832685,7.5980172017375285,2579.256178356591
0.7052541481018078,944.2424682138798,9.181292685990769,2327.0164812053667
0.7437464870961935,513.7889924314899,9.742555846374756,2067.053482922305
0.7447815621675917,1068.946584032621,5.430500708032313,2457.2098151173122
0.7977848595225416,1083.6749111452602,5.007747295023989,2521.136346940669
1.011853883143752,623.3100324597891,6.3365576629143465,2439.9971418455666
0.7308190980680181,651.9733829865846,9.724710901017588,2148.1574833072855
0.806506746160902,891.062998087163,3.926710578022254,2405.7604072932354
1.2187785005492806,417.7862946465149,9.728389405706903,2208.697064230289
0.9630316331069113,512.4454170118175,1.6614707259701138,2320.3520290392576
0.7358063240700325,767.7965537004159,4.033028587881576,2234.1905340980647
1.2631066927060877,687.7987712956253,3.238428453288669,2359.3026895099665
1.093715989283224,936.0994951969012,2.5033771711085486,2572.9017077997078
0.7340953730306541,333.00428424018867,7.627618135590764,1920.8693774809617
1.131043622097444,727.1677881748325,8.597534040722774,2485.420263639696
1.2445361223600426,826.8189279570769,8.814441524619328,2481.8481753279066
0.7646729680294145,400.7276574579551,3.4277465036529065,2016.2403702020044
0.6456694848714518,778.0525752009288,9.429451230654653,2110.836837726038
0.6314748325348077,409.8989226090241,5.069791254550918,1804.4793136417768
1.347100014022324,584.5404944790755,5.565113278195532,2224.6915183899555
0.6332582872403136,433.50888086588,9.879671106629623,1825.68079892417
1.3720949571488363,304.44598284096867,9.566306068809151,2006.403406508328
1.1112959502524002,1081.12646506802,5.092658700704732,2675.0617499172727
1.0124768228634,739.9619222312282,7.001778317914939,2504.2974447496626
0.7117210038050503,326.97623088541013,3.7713694743207182,1878.988775240779
1.1637446101893172,481.66810691065353,7.060891899924256,2296.4511584254938
1.3759296368858163,384.5106442104765,7.053419064026136,2059.0311475357894
0.9550001754436568,1081.3280289397549,2.594348105026473,2606.8085251378725
1.1541007617809316,1054.303760683299,9.501527975266209,2679.416712905216
1.1465984226317167,747.4572876075846,6.560625161810925,2485.091891254875
1.2951239875829745,813.5487719749467,1.2734835372715319,2410.632558958667
1.3447589564055822,920.574075928405,7.088620471995219,2479.2553512658073
0.7725401219181737,892.9969232093915,4.544779650887426,2370.2203308495327
1.1209863816331938,395.9337272771917,6.920607741427324,2271.9170110464456
1.3995309806165332,343.3908349745004,9.794567657991855,2012.1680358499755
0.9255263685782964,1083.6781053035334,8.04146935652446,2642.7177283126703
1.053613008789334,964.6042883261939,8.906640051712131,2638.404171056485
0.9233122573208263,594.3298454069148,7.0083404700722625,2362.3688777957645
1.2462767535530068,986.0566212989542,8.18032283972771,2591.398658440389
0.9484666518503464,1036.0507945575196,2.081881498335476,2572.4821668034365
1.0355912783686796,305.18279444830944,3.9212724691024325,2261.4160004101873
0.8931692278971183,656.5554224483299,7.25920486020876,2368.042269991625
0.9108464810162765,703.8242603602775,3.1378971778689473,2395.434235357403
0.898601433303472,504.54266453683636,1.6587633139159927,2258.0307440334127
1.0827588747051022,901.3915186995147,6.575413114086531,2594.285375060219
0.9707952350404578,641.8072021613068,8.770002846146427,2436.731032954567
1.0152654281089744,731.2636898667579,1.2307785922579213,2438.890661512571
0.872998262100925,642.1760569072713,4.589405028072104,2328.6280229202584
1.0641378953818657,780.2422920541906,6.471145835141002,2530.011683446406
1.2119066092337025,1031.687164844484,7.46310768603845,2636.5575666478126
1.3644189567639478,316.40932440872547,2.7620018711519148,2019.6851692736407
0.6060502999825137,882.7272427391428,9.082274940549881,2129.796170301968
0.7947858372610394,1134.331090316676,1.5424065126060476,2507.411334378341
1.3475488214444113,616.460418515671,1.9127874560429485,2242.9402724348784
0.9886974073490604,531.0989109484572,3.5638561176573056,2366.1861011146725
0.8458319719410292,1022.7233080493971,5.85245149007729,2535.4206692587495
0.8490461593248029,849.3004049798266,7.445356068008742,2439.7418851557986
0.818099200586827,672.1941913728164,2.096974840032528,2270.193036059406
0.7449194796277442,913.0060685684846,2.6329451292606425,2340.6745479496026
1.020130706933648,938.1416355501894,1.9618923078526946,2553.0291878668404
1.0538497757031227,530.9065053312274,9.666341877138219,2401.2428324760626
0.9868365173759397,1025.3932947976423,5.952038879406356,2632.94142419433
0.6347300262838553,869.8362380346201,9.562630079859913,2165.3708254219314
1.081289456117065,1037.2699734841112,8.957858170135669,2678.1196457975275
0.782463817559146,490.84035591740394,6.498828899658926,2108.7955609006226
0.9288227758453638,1055.8751725800485,9.1002081105821,2635.107914523976
0.8827371034421745,513.1835030770338,8.024729637194756,2266.471027149209
0.8198448284385088,1040.3528866623105,4.813644282838865,2515.576021495299
1.1340399194331763,385.98178245120135,6.614733922089157,2254.7349052187237
0.9614141429897832,827.9476168579267,2.5121278697037708,2488.652531437404
1.1894989959553457,1076.5173697889059,2.9506582008169806,2636.831592561049
0.6765716444161294,321.27472744170274,6.777743503989394,1816.30479570494
1.0856752288710245,792.027671442663,3.087523865043779,2510.056359972367
0.9127247967244116,835.0287016675558,5.470901729732525,2485.136881584068
1.3902284161719098,422.79577730105984,7.256300986428344,2075.021442250523
0.9234550144834337,685.3796534330534,7.458379890923586,2417.312394241004
1.1539489210594955,1192.1303943319695,2.155548605087127,2682.4573691511423
0.683287719507333,951.904935415867,6.205482253057681,2298.0005604715097
0.8193285332478446,371.477432090088,1.770924246367875,2075.5671347204166
1.3153526997312945,472.6805922468686,3.9103440590396867,2167.770542513577
0.7813251217815904,619.4966752487436,1.6248145847148403,2186.0625086061714
1.0152478327266161,360.8513072329934,8.203208570401255,2304.72620422999
0.7869696655283464,786.0107231440595,8.920711788053124,2324.7811569739692
1.1207018952377554,779.6620078962018,3.9190037780383804,2503.6351811166955
0.8664015304465583,902.5382596783711,9.947254250990508,2497.6912030205935
1.129471351879503,802.0050756330224,7.575854592153215,2530.534686988152
0.9721644898269745,354.1281083407067,6.0606713429011885,2269.6671034282103
1.3661002276043042,457.77264812189367,7.210044017385991,2118.6528323417697
0.7607469509272451,782.2449160257731,1.8700880468204766,2268.574420063345
0.960296749006548,980.5469960057214,4.128143718150839,2582.5822172460753
1.1319293795897742,1015.9049647107563,9.344600375315075,2662.4668377570883
0.7877136654843628,659.3843242283774,2.371744119973757,2225.017564924455
1.3939868017267,1134.3008711318657,5.859614172525037,2601.952466155464
1.273626635501137,768.862179544838,6.612271192024838,2416.3649794377866
0.6712995456928132,979.7433784471272,2.1494213527171135,2289.502455611912
1.2608541042020227,1003.8252789033473,7.378702279686788,2593.018812713723
0.6289283044198096,572.8155203507957,3.368013129197586,1923.0206494909266
0.8881091259772153,378.87847208745467,9.432620407279565,2187.872994687787
1.043041792569901,574.9718795922212,4.5728336536685505,2410.9553917065264
0.9577620324038685,840.5349000245556,5.6411148492684795,2522.0518986315633
1.3355135785715337,747.2671346152472,9.929422133409814,2357.3129489373837
1.2811399661960765,487.6594629216022,9.375356931795245,2207.568132158417
0.6930931183083808,1035.7047376420724,4.4256096412892205,2367.659257327118
1.3023794563560556,1081.2510210967052,8.253328601058591,2625.1313579963926
1.232024349045649,574.2112251882368,1.7282735474612696,2297.726118582528
0.9223841430121291,456.1720634878578,7.254559800122156,2278.7166262340015
0.8768797812302284,1178.0491807739234,6.768748696107988,2652.226169397109
1.2579844509074887,419.2722054676636,8.758130340453603,2177.5444999291944
1.3382057524107154,738.3557269370424,6.456276439758797,2346.227717049418
1.2118478407223963,457.35476453437127,5.523094688170982,2240.270356242708
0.9189304222178505,431.7365929460242,4.307809800623783,2253.0836153976015
0.6545378475083948,323.23071625453827,2.2164966023934047,1779.3598046089332
1.370492089271339,794.5765823055153,9.69239945037898,2367.3026501907552
0.9459983026641055,580.6345197767337,5.555276765562197,2371.822477901199
0.951609350906328,395.09821583556953,6.767436832211856,2274.319373774739
0.7728305460076796,857.6291594080466,6.85180983158338,2352.7345739497055
0.7216198825029184,355.21466439960136,8.026854274615959,1916.4780889549472
0.9678403390154561,352.34741595492824,9.953796854527905,2271.6157836014863
0.6462244487970933,925.5317059726979,9.853110327370722,2226.8740273485664
0.7913440833727404,428.02443181847656,2.09246445480186,2073.5495357576583
0.8426201180540764,390.94122990958203,7.229452075247187,2129.6389512200813
0.6498334385040502,758.4799153348108,9.970271684676792,2102.426906170362
1.251176215604815,853.6974944079097,3.756282587079505,2483.6681286210387
1.0991166690333107,774.3373175204865,4.834750455013343,2512.7490520140095
0.7045683013921595,1097.94379371642,5.048061839391902,2427.3566327424096
0.755698009456612,630.9834157895607,4.727167772760343,2166.5531933843477
1.2620303164534994,960.2529425052618,7.923744042772058,2563.6917984040697
0.6088250115429178,674.5385983617854,5.332097364717913,1968.546482792953
0.6153538214584453,533.8318878705309,7.842608408099215,1871.04070799048
0.7096877645831992,781.7791183073325,2.9368168481551375,2204.5846665416893
0.6096966197151146,517.0813118395873,9.782863794190485,1848.5773921021369
1.2412296895063917,1163.61897988893,5.390686395337262,2693.7060955404313
0.6877889589420028,793.1635400763237,5.089396011039648,2184.8487362292253
1.2754856661916927,388.2743227058201,5.394170233196004,2140.819187251737
0.7200389317551874,592.208334201054,7.636213696490197,2086.650745493176
0.9808145034950131,638.2994566311925,4.550286507130318,2423.7967149542155
0.9675574147247892,1006.5148894533512,9.02876220046211,2631.95179183638
1.3642677492031425,1008.2130476297656,3.8386620617321148,2521.6297751227203
1.1505077648692337,693.8428116498527,3.2920355984144605,2436.229711950754
1.272697263540738,334.5837140660925,9.115857929218812,2106.4900110118288
0.9691819716997873,873.4813291274523,6.934185299852045,2553.350094285077
1.316094192565229,873.0027139504866,6.525402262840556,2462.6551728833083
0.6533216324485519,766.5672197506836,2.3515210073533748,2108.4875561921735
1.1899470149771885,760.999728731407,7.12205001287518,2469.49121388372
0.6333383204819074,376.3128144412229,7.4469104925641405,1782.7261201526462
0.6576674687989387,364.1310549887327,1.108976277113987,1814.2130469860049
1.365201118639584,963.7575235131062,4.179262676518578,2490.55404522884
0.8372284650301242,614.7329067712647,7.971881780630636,2273.4310362815877
1.1290964888563315,466.67601108072114,2.5669840180067593,2303.909216336151
0.6787165197707178,894.2724477312044,7.8793539599956235,2250.224189777223
0.8120371426600032,318.8504649278215,1.739545007287846,2029.8047357445992
1.3742880278760243,565.9002997296782,7.923008330543203,2190.976969487493
1.0997308550834108,643.7456756876063,2.851185359759996,2425.7627455484635
0.6971091345275251,853.51167123498,7.971704025740092,2246.655530410087
1.1151234028329045,777.2719199242424,1.3775610108847265,2470.2418554094015
1.3747910220755069,1018.8427724891171,3.6353983303086825,2521.738548599062
1.3839762634870805,841.6934306726899,6.241803923865218,2390.854777660997
1.1984585435436257,1030.5928092811237,6.9083074659835235,2639.298170515633
0.70247659709296,604.4407553950485,9.352752762934447,2068.6865964217154
0.7796924894750815,634.950321453762,4.888691946497763,2204.037331405874
0.9515239917555617,851.645624245073,9.487682539702368,2541.1109281353692
0.7925541694660039,409.35123867082626,2.777234408739436,2063.949854344309
1.3095399201674156,881.2297313896854,3.573161103152441,2465.060800282961
1.2527575511748936,1075.2329967270925,8.618629048212503,2648.9791066001526
1.3351412269116434,527.0169181560254,7.795377358716505,2192.8568068741192
0.9684315978193119,1057.7986976010554,7.5564160944545185,2651.203727742567
1.2211579571997797,890.5456539129643,2.596858925227362,2515.755117852308
1.0360215351175506,1186.2027655720574,9.43649259847407,2749.531757488347
0.6345389886376093,448.3333341564934,2.1855589610910573,1837.946775049227
1.1807839279882364,1036.0067968712506,2.9216022967960473,2617.254505079878
1.004682154361463,1056.63272521008,7.595213902896255,2666.2161424122914
1.0337897643934786,831.3129214128955,5.57524492224652,2548.8959653079837
0.8380387610550564,808.5197935731145,7.199967718450816,2400.771146125536
1.298658332688646,872.6622185813233,7.850093833388422,2476.532534887877
0.7280573079636583,715.4017269778109,1.0839845784438396,2174.3975829886654
0.7973430916172983,953.8155436017043,9.926289562144271,2454.2260487583503
0.6793424796697727,661.3448842751594,8.200638718292435,2074.4076543904525
0.763228507703119,799.5764543720577,7.597641664267073,2300.5921250626975
1.0927883602081432,469.2222611538745,4.198461118171655,2333.9965860837337
1.2270334275883177,798.803862718815,1.0470665218862147,2434.48386118274
1.208792608022475,331.78021944621514,7.711604044581089,2156.7869385471886
0.7619844481321899,1162.2661321074422,4.31146676171876,2528.578457878138
0.8615452930704632,433.9992452992002,3.750437939411934,2180.47397712284
1.3013206094625605,1196.7009038645226,4.314785774561635,2681.6482854954293
0.958888504763634,949.8638443824633,8.97576202418567,2597.051323726955
1.0744354673494272,652.3731283600464,4.713596567637614,2450.0274603429043
1.1564945171974454,302.8964372438508,6.576304037138566,2180.230838334214
0.8843944083530859,1014.7775981493759,1.8369157584081894,2520.0071830765623
1.0705618135587123,732.8756008975114,6.780929733147047,2505.0244559657613
0.6518828755863747,821.9854086853181,6.053361291635714,2152.966226433195
1.0485280755329367,843.1388999368094,7.08821143503726,2565.899689628625
1.2439911997446158,542.838648115393,8.425444691620559,2276.483998659035
0.9986045458107629,369.35245122089805,1.5269583631958128,2268.7872740178063
0.8673906549568486,1006.4072794003208,7.369128412668242,2552.5150711521837
1.230891971737925,765.5421507974484,4.961790981599415,2440.693139335775
0.7179620213650271,595.3734782483805,4.9061742955648775,2084.2771403132087
0.6708803437436938,498.55075744009014,6.384027646573649,1937.7361786470917
1.1885304913913517,1198.5127602536545,9.39801998209202,2752.3257362254967
1.1140521596281532,679.1232479646649,6.725596282374094,2459.386676497496
1.2285212944641857,406.5025718310486,4.689144007266594,2191.0545986612356
1.2718418285084936,645.4496567397396,6.146850441044679,2327.361428953393
1.0702154886897586,466.02862782027546,4.260118974870595,2343.4556263954505
0.8676090309935457,323.5770376788583,1.217725875022197,2109.194003557278
1.2653576349406186,545.7637289755312,5.662708896149339,2260.199693799847
0.8389804588710184,1146.6113206038065,3.3336708297919637,2578.5811675483155
0.9437254501911481,1085.4572254361417,8.577402101126278,2657.5026228989964
0.7488811342770219,1022.3789788161394,5.123681980641034,2430.0660844610748
0.9863750976682841,420.1319751743494,1.7254136238141218,2290.373392765218
1.182351445579012,746.8150371197698,4.931656323536616,2459.1233308893475
1.1836065829219173,988.9616090919988,2.430173509024182,2584.2517692699266
1.088180119582113,421.818674049917,7.762375774261411,2313.8249535529626
1.1255641250137116,1160.9531589751123,1.6206221472077906,2653.5944580383425
0.6456437769210034,553.9683672238801,3.355351153623154,1936.587856914826
0.7975830392575998,1115.629122468933,3.245915798645555,2526.1343820019406
0.8175597809029047,983.4584361761673,5.04765858205486,2480.52923790724
1.221368445564145,358.8295418079467,5.388140743060458,2164.332544904773
0.6268908801466261,356.3878831098191,9.157937080099698,1756.6239346588352
0.7113962968940761,779.1786140476954,4.699860423406359,2208.783352678135
0.8778746610070741,1109.8500111185454,1.1964105709794055,2542.1974049721325
1.131031748940471,1167.0549907921954,6.041513651156578,2725.0584005307874
1.3494579696264735,347.0320913574214,4.769139871667452,2053.1417106661656
0.8081262327696409,957.7388684826568,9.83167381447522,2469.2207970996133
0.8052240499553982,888.757141326667,2.7828786948376614,2395.416463875309
1.0522642036572878,717.5392380195026,9.748047966683833,2508.391366614096
1.0868218181571732,614.555734878137,2.0268620639914,2404.7307588006283
0.7209974629879476,502.7852369561116,3.258699952062682,2020.464908362516
1.2804928462729102,805.1005094542725,5.710518202369298,2436.3161809803296
0.691815097495374,1074.1257240144914,7.5053287288763535,2401.0016978527365
0.6541346895200012,937.0515875067919,5.8918439560838145,2244.3149581760954
0.6653802765974226,712.4705773757908,5.362266584170423,2089.803632471195
0.7326196321306205,1151.128332300254,8.649778343325957,2507.579796912821
1.1352178698632867,716.0660049005464,4.705889874260577,2464.7651187260585
1.1207787737207633,790.888682466215,1.5604579529369706,2480.429896732659
1.0100021190162654,1025.7632555095556,5.133158898372622,2635.04505137345
0.6415652620434147,1007.6503794456298,2.8122740392237695,2272.3098255934665
0.806896667910431,448.23571808906627,3.971935583843478,2113.352501311474
1.205401204550908,767.4472735535436,2.843931467356413,2449.1499473051836
1.3022640625216326,1091.6236694563763,8.835205825414063,2633.9292438226507
0.7910369691052314,706.1154097628893,9.864906905267876,2275.266209973403
1.2176099810479921,324.45067910300384,1.5868413213444286,2140.561722035164
0.9711451014498662,1118.2981852754042,5.848316181574428,2670.71027659782
0.9982500064274321,394.9263299609675,6.911020942518647,2313.9559277196063
1.2576825284801805,642.3780067568061,7.980506658327947,2337.416435601116
1.3715813231206493,483.3898132149202,5.709966680752672,2132.4205841586404
0.8297103664676604,1013.5689771304554,6.198340292930418,2516.412271607593
1.1076659340402428,1018.1227436543047,4.563734253962094,2638.7047794953137
1.3320720547256344,779.725980521526,2.421593405518132,2372.934816283347
1.156719294535042,1013.935215394429,3.85085509360774,2622.3219003820323
1.2857434055990022,1115.5289292891898,3.4921403864002802,2631.8922568966054
1.3868171781721776,426.64037524388254,2.81814101562241,2079.134774096813
0.7473798713904208,1104.5907390070834,6.8886329709246565,2488.7737116277226
0.7216834265778183,696.2910765315141,6.5376822256282185,2165.1792097902094
0.6667712679915065,1094.1747315666048,8.232431818973817,2383.240374884763
1.0041654188613105,1170.4139537332535,4.759848813475897,2697.6848945606575
1.387288255229198,901.1279989232644,6.712041459285473,2434.532764504567
0.732763916236628,1093.7349824741796,4.847407191285536,2457.189861130848
0.7297867246259835,311.34676797818315,6.037801152745443,1898.031562076274
1.021919697698141,947.4182601322427,9.01232247716022,2623.8447159515204
0.6635252677144236,958.3468413063262,2.68670749687824,2266.4212148109063
1.286541642525731,1037.1571624754906,5.867143794869899,2596.063833913989
1.168194238898649,582.9151018653736,5.240511090395332,2359.896283585589
1.2573095181683773,713.3386774558926,4.220184387928976,2383.9817152585224
0.9953699578002398,1045.4243271934965,4.016872426337855,2627.9187562750703
0.739009274508595,940.8126182977027,8.433803914372735,2369.546544934116
0.6805099828188266,515.8867014803502,2.277747907848945,1964.5904229791229
0.8783531292657333,705.3158810148714,7.739437032669758,2382.7606312468206
1.1209180679053392,858.8357107305881,4.171374519486889,2549.579740202517
1.273158042467808,724.1584506583481,9.81194444213639,2386.8890977948995
1.1073137106365896,413.63826740805246,7.085598058678906,2294.1801811607056
0.8600832123453591,917.6944770174877,1.6267703334616517,2448.258769388475
0.7399051497407675,1070.1635330152076,3.044616013211634,2439.449987831028
1.269632900194352,551.3484796089695,6.785937190528369,2261.527073565889
1.1553204588078647,761.3892778305476,3.7477960902705814,2477.7969457205595
0.7701155010968769,329.8704191061836,3.7355176111665145,1975.368130730505
1.1225302324250264,1144.4743366036344,8.840840340367468,2731.960975689396
1.212851821228242,1009.6026089279688,6.984864131283957,2620.338664331592
0.8082294860528023,1116.4755276352469,7.036590807152506,2561.0748449420003
1.0483525047843518,399.89052229213297,5.023499894257829,2315.7799652727053
0.968286616961541,1078.107248570403,5.919833981690096,2650.343757554422
0.9043204391763277,1179.1202956595935,1.9964853399368412,2613.308948344124
0.9380387426495556,337.82220765426473,7.659137086902373,2225.8735018591615
1.3344612417593205,552.0335965954405,8.725075091192089,2211.8657925367224
0.8337745843695181,1119.6931454795235,7.785657132371055,2590.0740313258334
1.243925421473151,316.20590004040906,9.665293213666233,2117.3559121038284
1.1813367936562584,574.2759858475199,8.464551983729622,2347.976220716176
0.8252169587319439,1085.478455609515,2.013223513707433,2516.1782487798287
1.1629487819686366,786.6286289804193,1.8688102317589674,2471.536846873574
0.7935150626070712,311.1636326495833,5.218911689180553,1999.7643692907297
0.8410122086080003,838.5217358679829,3.675140269377555,2409.1082127900722
0.8399352892055877,968.873878858443,1.4332855238051811,2454.482090705104
1.3223159961535897,1067.0374869520633,7.0102421490376585,2600.1435627195106
1.0745772560859073,1103.072248325687,2.66797161575843,2652.115602595995
0.6631753297526628,515.5591529185842,8.151204508301714,1937.9930923006498
0.6277362133811867,824.5261515751407,9.95893764572179,2118.7485749199277
1.2845568750700314,769.3011201392305,1.572768183579781,2391.664990564716
1.265098811508568,839.0806573594895,2.0343969735361016,2454.102494250493
0.6750858278586849,1118.6641374929332,7.022802366442706,2409.969153018857
1.2634294394534042,1091.0810102540406,6.1459511684349,2644.631196736548
1.0139570814040328,687.3846692888912,3.8525192901200738,2458.5475589625535
0.9476767686869694,996.4916901571407,6.417310879136184,2601.823122292398
1.3140186319638767,699.0420129412689,6.463806208468786,2335.0074374767887
1.105046042473591,832.527446075693,7.323703957769647,2556.245298435979
0.789946774699845,761.1273997912116,1.938023225275129,2291.358333517996
0.90760906211585,738.9003617591379,6.870018335909252,2431.5127061464755
1.3604248420689626,840.5859598935203,7.692345245589038,2408.4680873417983
1.0050128475961622,870.6936282386981,1.638389945203961,2510.11442485392
0.8035132646734775,625.6677838846249,5.252440195058622,2231.389569604257
0.636518996401907,426.0216877979859,3.491328770121752,1825.013270918253
1.3772261527208405,598.2123063927456,5.338369523008743,2211.5944169439063
0.7568781701907143,849.7020639681914,3.5261489396437686,2317.751063903041
0.7655940627507414,764.9153656013812,1.0495521924437874,2254.475913322265
0.6061312261193802,497.161928191672,1.3304922625073903,1825.6209617417333
0.686420603304553,604.9745844048764,8.223271116218315,2043.1936964473546
1.0576389146954406,761.4009533607748,3.6413994088730948,2501.0998553303393
1.345402975546253,657.3135371134724,1.7838349011619434,2273.2699762871953
1.093653212894241,402.45455412894125,4.107008285215229,2291.9196100601516
1.005929550974247,1086.8002722166582,5.441919223061068,2665.7297227633767
1.1618070128253315,1193.5351550991634,2.1834020790818345,2683.3079718833865
0.8197852204156155,655.1184680378817,4.796453606849482,2272.0826984279197
0.9288168602124366,1116.8499023008994,7.426293800201708,2658.662559811636
1.0863241712725629,578.4354460765039,8.414113457991652,2414.6088465834273
1.364048409187991,1039.0784542952038,1.0140859467232561,2509.7112696868944
1.1091210961467257,346.02184329789065,3.318464983003497,2243.6223878838987
0.6476197602782173,843.4159076544489,7.179309221433461,2163.6702552504057
0.691590110452724,645.4549947404815,5.106128580599878,2080.3624821535645
0.8952424174087332,408.9225004366738,4.770530111687279,2211.168466923379
1.2009424382467344,363.90689807992993,1.7216201267371312,2180.509826177678
0.8838170334687874,1147.5531404570324,7.017153820506227,2642.457142446425
1.1429359653380518,625.7279917540784,6.342947120876846,2407.8216034812913
0.6081049472221947,872.486441768588,9.21958252818613,2124.986886166297
1.0900587746758552,1086.3287341197106,7.515757499194844,2695.821762486068
0.6964467331229521,1112.2079765572576,1.597994599201974,2402.557495377108
1.027173978038211,427.9234114141119,1.1053594965781366,2298.1329672023767
0.9376274081021112,565.5366368887406,5.374004444178427,2354.812382800884
1.0617599093876406,339.3651650780526,2.1070296561137107,2263.0850947330455
1.04691391716034,608.8506178553923,7.562561387945032,2441.7375698790956
1.1218333188735516,1061.0439266909161,7.2324354400230275,2679.19297225102
0.9439448619121185,905.6699601549891,3.4784305682987666,2529.3630917751425
0.8450507990225701,1010.086643928714,5.01777564761424,2522.6547646467457
1.238704272414682,1040.1801363014506,8.718061038951554,2633.3089932907806
1.3333081886729659,687.8866984619666,3.8698013648902494,2309.3895155369196
1.065758997275291,634.0551810938648,6.4096675012020965,2449.1951301361205
1.1644686901150596,919.5645166429232,4.370975983181092,2572.052402685112
0.7334881613590022,687.4764046159868,2.283347296737179,2169.4388875606724
1.3120776281470465,611.2897146640717,2.390137725009914,2266.926366817178
0.6203582079246007,881.2401476578358,6.732120857092689,2150.2714710583996
0.8724833332650332,364.5406999628859,4.686660054057088,2152.238980689246
0.8489739960507148,909.4085757615085,6.452013245074213,2473.6165025182645
0.8916749825580319,496.1032988294911,9.892323695400327,2269.126606743341
0.9632012969568918,919.4468122022133,2.264976708205247,2529.234187702489
0.9884717597275181,324.78304788251893,5.549096061194049,2265.3629986443707
1.3712139256941618,645.7860416872202,1.3509641131742043,2244.407430427768
0.6247646327354748,649.1880839521825,2.4402244281687464,1973.9181612141433
0.6186816770625487,980.5922525551591,5.126707079937016,2223.806054594372
0.8313958175781235,1110.0748647148325,2.0452506418047305,2534.388577457347
1.3647350631642552,582.5700456396175,8.995633050778132,2210.913327943058
1.0823543011835692,1044.0366237673388,9.856118468894179,2685.7028085717816
0.8307243502549966,1165.0219368668336,4.505337054121783,2593.675916353972
0.9084095237895378,606.3483938290551,5.872668466128267,2350.5487764690897
0.7233160345427896,798.34033682221,5.875343311690036,2241.6145970109133
1.209521450083896,1050.284965743827,4.963972152811817,2636.0153884688766
0.8418665994811949,533.401407585385,2.7516145303438475,2215.306755801733
0.6461180657592199,608.2031809512421,3.4322292291770493,1978.4533339448503
1.3731339086931258,801.9379436250395,4.125493351274568,2365.362451173253
1.0643740807949567,425.277031211126,4.996393742819826,2324.4950501887074
1.100987457136851,740.0080486132063,4.616009205888918,2491.740866672876
1.3950787111197585,1092.2832859340342,6.610653623434961,2573.1829978963215
1.055501888945826,858.5944318421257,2.8118089704018994,2539.011975072014
0.9161101946114548,335.5135796018094,5.27991433738144,2193.244301562588
1.0344196671661305,504.97476249288866,9.676259624489624,2389.6919312052455
1.3275636887497935,949.9289119103153,5.800479658888263,2509.7764485328416
1.2959753277181478,417.58710944111664,8.114588148473965,2145.6142589329393
0.6998566511734786,1014.7895962944649,3.481908114262213,2358.0629173843445
1.301672464814551,1149.6378844428582,2.3391637246460406,2630.973507968731
0.9701404840523147,1182.8886403464167,5.35066692375832,2696.8077777104027
1.2908380180116361,829.8583699181879,4.377969171276417,2443.8524145773363
0.8286268444206961,482.9007819774786,7.856183722399275,2172.1371562591225
0.9092324054584222,760.1479159806761,5.430929320010637,2439.6493505265325
1.0618232233865048,1079.019431062097,9.826654092250864,2702.520101784807
0.9260673668590536,1044.7670298956727,7.8807501518924585,2621.6969495355365
1.0588231611644585,1160.4424292507397,2.804270639755625,2678.001549660393
0.6874113682476971,1068.56577025988,4.952348349703735,2385.1258763839296
1.2775750833656483,1103.7811846758734,1.562118342571643,2598.487754633257
1.3067718103888484,703.48714983248,5.59389240103809,2342.8587544965653
1.1012740088745683,1133.744346057078,1.1720448498678762,2622.995769676417
0.9814747746542536,918.9498381875046,7.5043626192840565,2586.3882659110523
1.1540259452296864,420.99161646730965,3.694560295345131,2259.3103331646503
0.8869724203336107,1023.9934869115544,3.508838851730977,2552.106941814405
0.7685639710937625,1161.7032171342867,1.07976956602122,2486.888422797053
1.3982566845455824,909.1391689716561,8.456223695042054,2434.978254402829
0.8356955170769544,312.88374990035396,7.64082566705377,2066.7077871890447
1.2673156776005405,966.4285187581672,2.285652585707547,2536.3417019443427
1.2027423378055753,992.0305038968769,6.926864641030494,2613.680161797398
1.212892746236469,1061.3292957099588,6.522437028137126,2650.343218103831
0.6708837711757432,738.8650287004898,1.6988440120444457,2112.777262107058
0.9260344248259447,666.3958402130648,1.5940885972621741,2369.675792723304
0.8790564271755834,399.8982889121834,8.274116890083,2188.2115036467653
1.3581504207715764,365.08482773214473,9.596036865625313,2059.550602132942
1.018061279469396,569.6091101584865,1.6917586774854716,2375.975782382551
1.0004994144563342,1015.0639900416738,7.363778295400284,2642.613902844127
0.640180809171179,365.61165183111314,4.625859543693734,1786.3831278836515
0.8362323952383546,509.1458907504431,3.5290404901784225,2194.601720201636
1.2427861946375076,1136.3052482686685,4.645924250748098,2671.639033474321
1.3248888017059977,589.3461311230938,5.287932877094125,2245.1213881528747
0.7808231982527998,876.4284379582596,9.81083003657328,2380.840149212004
1.0827944768347029,622.032675702194,6.830357013914755,2438.717659692729
0.69833654277231,1099.793172238859,5.527755557018527,2422.564933686946
0.9594797936317137,827.2783096081673,6.623054765104622,2521.570644971702
0.6574206449812104,914.3554991010622,3.177385122839766,2227.148770067049
1.171162106005272,1040.281314945777,8.235626567972684,2660.958534082185
1.0420007739263113,768.152903079676,2.2858836520547055,2485.9366560768144
1.2202769203225086,544.2684424020429,5.470258805361519,2294.260926028445
0.8274192743420133,420.4455266997238,6.666019272025629,2127.0149071595547
0.6434656278583231,973.78071071358,3.85828115735005,2253.0199277215347
0.6001077544035882,760.0162253135068,1.4216671767484281,2017.5420901703337
0.8209356462567196,936.2788387101446,1.5642065945967927,2423.469792943343
1.2714707938848018,303.4379303927248,3.2214148228171204,2084.6344515880405
1.1927232449216572,584.6431347563762,1.9170314925941216,2333.1441047600492
0.8881871350403423,543.353957746073,8.584407119444993,2293.488288001714
0.8506783340681144,1010.0392245984065,9.026849303296613,2545.1997608189145
0.9470539356612235,1118.9488294689527,4.395862485668736,2645.952233918792
1.3712627331920864,380.36057207301565,7.183173398529185,2059.76548573163
0.9950512323655429,648.8839249100823,6.694406908737408,2448.044756561572
1.163085673307465,303.92694268527816,2.5025777987247886,2172.4353487433855
1.1704368405074548,899.7468722203859,9.694427546158096,2578.6851106706113
1.2088302322006264,1155.6954369582043,7.322864513813263,2711.8996321284635
0.8384417669115545,394.82843002577084,8.03641477010442,2126.636513914358
1.1153193771807328,343.3674111539666,4.240454193108805,2238.8486287532337
1.365439852387429,750.361031139181,4.894562224177342,2333.4877411107536
0.9661596841274351,487.99445160464734,4.318364537783157,2332.4973088769525
0.8958506047897412,347.11951816872516,7.908108656661264,2176.7633653865096
0.9332035455231031,1039.961898134781,8.653132010079059,2627.5032870379205
0.7695952437589264,891.6181339531157,5.250536237466836,2367.9941287021943
1.3041253903371879,494.1666112588087,7.100318802790398,2193.3394566748398
1.086201697802178,565.7713298146496,2.2294081328605535,2381.162702609099
1.1213118083818212,964.7377123190976,3.84064609387015,2602.891286870033
1.1158660832178509,655.6178168503529,7.41886194954356,2445.5175183700403
0.7593722199152424,1101.1935023725568,3.5866863681902177,2483.6335135430254
0.8942287902049223,352.2827568723148,2.0036099108914875,2166.0805165787406
1.0126895221698624,540.8334090551743,8.51932203167975,2403.768411292724
0.611754710923963,641.1846438047426,4.0361099209218345,1947.0635610596169
0.6154621047340808,411.9315591004592,4.722784074267717,1778.1354611848053
0.9942916675579572,663.8607725293822,5.778439105708845,2451.2988355800107
1.076105339924545,308.9314390150521,5.176856435081535,2246.9060798132705
1.3707993927100706,767.1290521165938,7.097880407130579,2344.3786267289715
0.8494910863335066,996.5922403374863,7.956293336885036,2532.4082866794583
1.017036838123311,1178.4124409512922,2.1299519328638805,2661.3374389127375
0.6135581319116648,993.1423905813864,8.264399836283943,2228.8003267456093
0.696165783296461,539.0245496627455,1.1579712702996603,2004.3339907711058
0.8346468886244517,995.8276865268043,5.6616447494132105,2508.0632548437493
0.8784764745346304,634.5653654156972,1.0121826314392135,2299.680244966054
0.8398404220521887,881.8128674741374,9.767749994347215,2455.7349104196132
1.2776486615871194,321.2354681809762,9.087045442073554,2093.21372454504
1.2265587306389008,1002.3385112138824,5.121961831032143,2600.7229733171225
0.9184042343636022,572.6241559498733,1.591253730589292,2314.186770020531
0.7825882907949593,521.9432714802222,5.356693627391814,2129.928628474362
1.1979555252773553,726.4288455581519,1.5206000450244455,2415.127352515655
1.366231840790563,1148.451887184701,8.066705888335676,2635.1218768750996
1.3930623212513764,790.0340995202366,9.664915152278855,2347.1120229007447
0.6604840324934006,629.1126734352342,3.0284314120608924,2017.2471584487464
0.7566664673074159,426.7226540034085,6.60172277409397,2023.794362709688
1.2250574845978441,820.4685594783246,2.322664386293887,2467.645661183243
1.2488990159467765,872.3592364473557,4.493491355142959,2500.87079915157
1.1393042364288504,533.9144813185495,4.106729876447894,2345.1841577495297
1.333988674505592,561.4540551042783,5.229894413421429,2217.7605144566423
1.3121129099168116,936.9492152407747,1.5598290354823248,2484.753685664714
0.7178424354231763,307.05743169472515,6.678296112062471,1875.3299190570622
0.9581387403283346,420.847365812048,9.621407089510933,2301.4181535092985
1.0237277791564958,517.7039647016003,5.505432140392368,2383.6287676689226
1.143696266188086,368.61529617620806,3.472334335431028,2232.262450530769
1.2455723927071949,713.6983833623951,5.919194278290654,2395.853501363532
0.9462528017675753,339.5099483787046,2.4917480183814034,2221.95047700649
0.9564333109935126,488.266918867135,1.4498112579371085,2299.8175698046643
1.2749197312414589,1183.0732762477041,8.138285865970655,2706.5219242808184
1.2830279373637334,517.7794172853409,9.645642779618798,2227.7768274131035
0.7575405635627427,1156.286829325649,9.95337364569356,2542.6062721912367
1.1693782445968388,1183.0293586126397,6.125858016103933,2729.1772137993753
0.8076334265408722,693.2962970990588,6.342048418409074,2284.7894098201627
0.658465249621612,860.1089381555215,9.83060053086065,2194.8178515784934
0.752086119826982,1013.335604659545,9.171089144016575,2438.3944489553824
1.3549612742561765,1164.1220439649023,5.693136748493248,2643.918730126323
1.3818463263932028,981.579186420995,2.455042926132657,2483.8977065400873
0.981520085174376,946.4980578348036,3.22606284237175,2565.6336695416594
1.1124921468391098,899.9404311419573,2.464297694277093,2553.4191354548584
1.052068249962205,994.4642198807469,5.490060980823477,2632.9091554595348
0.6096824934208859,308.13462217136293,4.21326409573011,1689.7885674216636
1.3409552547454255,505.8091016432479,6.709273199845184,2172.6553429415385
0.7776606965546564,589.5029906935938,8.632378806413357,2172.63795777377
1.1830891538159576,385.85934958188955,4.858318188877902,2213.810581615022
0.6233358109162116,732.801131942708,6.9619061053096125,2038.6227124547681
0.6948020988785212,559.9964450182491,4.580529629519413,2021.691890389115
1.3356248197248397,1193.9295138806676,1.4042016909605426,2622.1525447978256
1.2088063387963137,634.5516597621089,4.5321236760653205,2364.502027700851
1.203411978677618,1126.5837889308677,9.558357350522936,2706.3274692901477
1.0616980688306565,621.4090433704525,8.087941772729014,2448.2407785403943
0.8008011066098402,807.666625950166,4.227206153723858,2347.0746488679656
1.1253048589663008,516.3590216041562,2.7243365116134317,2338.0047563686226
1.3345912693403497,391.6233146545832,5.5536211696143845,2096.1358590287805
0.7766822263704071,335.0369669931007,1.3241693646228376,1986.3185297506877
0.7401774176846618,1080.0933190554001,3.54230869579324,2449.6298827966866
1.3603673364602364,823.4600636902742,4.929527707918895,2392.007954344826
1.0640710677355636,765.028546703641,7.828986283815927,2527.6366449176985
0.8259968527782817,617.7453524402722,9.046848722799256,2261.4518052431968
1.3571652105203242,1103.3024047378271,4.775031945615822,2596.820994642583
1.2242924024055053,728.702159970989,5.477858669314919,2420.7934532642353
0.7637440872458271,832.0172729326648,2.6752230797801313,2310.4775999371846
0.865251759253755,1069.5271814579417,2.863682282897697,2552.0142606773443
0.6569266281387462,362.10683335153465,9.46706068452797,1813.0030451187456
1.0055363503694676,668.4708646353165,8.297907229071265,2469.209045039374
1.2686607423284126,598.9719298040441,7.242562517264157,2296.9274561547954
1.216898252681509,889.185618179359,2.3643556732008943,2514.4385320578126
1.3007064668136454,785.1850974624078,3.542251837330033,2402.7035562711358
0.9401825483501551,333.8139813590166,2.150801211001758,2210.09298207528
1.2124374004126888,300.0104712798295,4.749092456340629,2131.1149003839237
1.0180081448684706,349.17097800087504,9.757703466750996,2301.385850663817
0.7809002649997375,573.7788476726528,3.735482610295246,2161.4617584581306
0.7843333296938799,301.3264398776803,7.564103146791967,1979.2126049483911
1.3734763998394282,501.8641349565405,6.967424726230802,2144.607361884853
1.193517061566972,1063.5828411814723,4.803662773122483,2648.067864664162
0.8423447245123433,592.765620620728,7.413591997886615,2264.8559496354837
1.253423573204509,463.45257098094237,4.338469073419887,2210.469102799014
1.3215521573993199,1026.0241677252652,9.863725624862283,2577.430285302598
1.2033986077456644,653.87568092513,6.31574050595174,2384.854032637085
1.1288114033978562,370.61023468541157,5.900472631934786,2248.057605029346
1.1674566627780876,450.5891736009544,8.025685456830015,2272.7564820106927
1.0670182244112891,1156.9996071278351,1.3818006838620254,2638.1436358811934
0.8122609100443735,841.3984913698416,3.669039209853376,2379.601015645383
1.1715393312569937,983.1047542697379,1.9226436765982702,2574.9652405734514
1.011083571365414,758.0015000319503,4.3235269319398695,2496.8411390886927
1.3463398900557375,1044.755687885899,7.274884437186731,2570.377547453386
1.1714613085879981,715.5445294318072,9.288950689869182,2454.0762465181106
1.1556763418026281,956.0829554902348,8.755218134086107,2617.893629004418
0.8192572714737527,1026.3638134800326,2.7571654266084282,2489.8623729270066
0.8762735617959102,602.0494088428584,9.806729215502266,2317.896600970848
1.2852297789983413,931.0528754312338,7.5435108545385114,2527.575460851922
1.0496582355220567,1152.3816003976672,5.466328775941254,2708.239068218663
0.9044141678959156,446.7318032384319,8.075850870349523,2251.957197196133
1.1875551456604732,645.9195346717214,1.2267407256330642,2367.8683100864473
1.2711978621744084,310.27618510866625,7.333298016661459,2090.650457523538
1.3762056877808455,693.8951953333831,3.114760644963575,2280.904622120441
1.1638968080347052,1035.4153278140266,5.917872844700626,2648.7143190834663
1.3736282202049168,346.501849492165,5.543160384740753,2034.0255723796588
1.17476315785804,1076.3764240342612,2.6133005071701105,2634.6466639353202
1.2400027854109452,797.4363681466907,4.568983137909669,2455.5537786148184
0.7053720228632748,1078.7661830180211,2.415458873617438,2400.8174842439757
0.8478302873672794,561.0409787661931,8.842726307717689,2252.628032697393
